Handle,Title,Body (HTML),Vendor,Product Category,Type,Tags,Published,Option1 Name,Option1 Value,Option1 Linked To,Option2 Name,Option2 Value,Option2 Linked To,Option3 Name,Option3 Value,Option3 Linked To,Variant SKU,Variant Grams,Variant Inventory Tracker,Variant Inventory Qty,Variant Inventory Policy,Variant Fulfillment Service,Variant Price,Variant Compare At Price,Variant Requires Shipping,Variant Taxable,Unit Price Total Measure,Unit Price Total Measure Unit,Unit Price Base Measure,Unit Price Base Measure Unit,Variant Barcode,Image Src,Image Position,Image Alt Text,Gift Card,SEO Title,SEO Description,Google Shopping / Google Product Category,Google Shopping / Gender,Google Shopping / Age Group,Google Shopping / MPN,Google Shopping / Condition,Google Shopping / Custom Product,Google Shopping / Custom Label 0,Google Shopping / Custom Label 1,Google Shopping / Custom Label 2,Google Shopping / Custom Label 3,Google Shopping / Custom Label 4,Additional information (product.metafields.custom.additional_information),Condition (product.metafields.custom.condition),Designer (product.metafields.custom.designer),Dimensions (product.metafields.custom.dimensions),Key features (product.metafields.custom.key_features),Manufacturer (product.metafields.custom.manufacturer),Perfect for (product.metafields.custom.perfect_for),SEOWILL Badge ID (product.metafields.custom.seowill_badge_id),Shipping & pickup (product.metafields.custom.shipping_pickup),SLOY quality standard (product.metafields.custom.sloy_quality_standard),Google: Custom Product (product.metafields.mm-google-shopping.custom_product),Backrest type (product.metafields.shopify.backrest-type),Color (product.metafields.shopify.color-pattern),Condition (product.metafields.shopify.condition),Furniture/Fixture features (product.metafields.shopify.furniture-fixture-features),Furniture/Fixture material (product.metafields.shopify.furniture-fixture-material),Light temperature (product.metafields.shopify.light-temperature),Outdoor furniture items included (product.metafields.shopify.outdoor-furniture-items-included),Seat structure (product.metafields.shopify.seat-structure),Seat type (product.metafields.shopify.seat-type),Upholstery material (product.metafields.shopify.upholstery-material),Complementary products (product.metafields.shopify--discovery--product_recommendation.complementary_products),Related products (product.metafields.shopify--discovery--product_recommendation.related_products),Related products settings (product.metafields.shopify--discovery--product_recommendation.related_products_display),Search product boosts (product.metafields.shopify--discovery--product_search_boost.queries),Variant Image,Variant Weight Unit,Variant Tax Code,Cost per item,Status
brutalist-coat-rack-adam-lozykowski-fused-glass,Brutalist coat rack | Adam Łożykowski | Fused glass,"<p>A wall-mounted coat rack designed by Adam Łożykowski, combining fused glass with cast iron. The piece exemplifies brutalist principles applied to functional objects – raw materiality, uncompromising weight, and deliberate visual tension between components.

The glass element is produced through fusing, a technique where glass sheets are heated in a kiln until they bond at molecular level. This process yields unpredictable surface textures and depth variations inherent to handwork. The cast iron provides structural anchoring and three hooks for practical use.</p><p>Fusing is a glass art technique where different pieces of glass are heated in a kiln until they melt and fuse together into a single piece. Artists can layer various colors and forms of compatible glass to create intricate patterns, images, or abstract designs. The temperature and heating schedule are carefully controlled to achieve different effects, from a smooth, fully fused surface to a more textured, tacked appearance.</p>",,,,,true,Title,Default Title,,,,,,,,AKC-151,0,shopify,0,deny,manual,900,,true,true,,,,,,https://drive.google.com/uc?export=view&id=1ylLNs40SD0q-CDwMK-BrDjMXGjfgJV5v,1,,false,,,,,,,,,,,,,,,"Unused. No chips, scratches, or handling marks on glass surface. Cast iron without oxidation. Arrives as produced.","Adam Łożykowski is a Polish artist who specializes in glass art. He is known for his mastery of the fusing technique, which involves layering and melting glass to create intricate designs and textures. His work often explores the interplay of light, color, and form, resulting in unique and evocative sculptures.",50 × 10 × 2.5 cm (19.7 × 4 × 1 inches),"Designer: Adam Łożykowski
Materials: Fused glass, cast iron
Hooks: 3
Mounting: Wall-mounted",,"Entryways requiring a singular sculptural element
Interiors where brutalist or raw material aesthetics dominate
Spaces that can accommodate visual and physical weight
Collections of contemporary Polish craft and design",,"Free local pickup available (Kraków, Poland)
Shipping cost calculated individually based on your location
Contact us before purchase for a shipping quote",All vintage objects are carefully inspected and cleaned before sale. We ensure every piece meets our standards for authenticity and condition.,,,,,,,,,,,,,,,,,,,,active
desk-organizer-herlitz-big-butler-1980s90s,"Desk organizer | Herlitz Big Butler, 1980s–90s","<p>A multi-function desk organizer produced by Herlitz, the German stationery manufacturer established in Berlin in 1904. The Big Butler consolidates five office functions into a single injection-molded unit – a compact solution reflecting the organizational logic of late 20th-century workspace design.</p><p>This is pre-digital efficiency: no software updates, no notifications, no power requirements. Each component serves a discrete purpose without redundancy.</p><p>The desk organizer emerged as a typology to solve a fundamental problem: the modern office generates clutter requiring systematic management. Multi-function units like the Big Butler consolidated disparate tools into a single footprint, imposing order while conserving desk space. Before digital tools absorbed these functions into screens, physical organization was essential to productivity. This approach reflects principles still valued in workspace design: reducing visual noise and creating clear zones for specific tasks. Today, these objects find renewed relevance among those seeking analog rituals within digital workflows.</p>",,,,,true,Title,Default Title,,,,,,,,AKC-136,0,shopify,0,deny,manual,170,,true,true,,,,,,https://drive.google.com/uc?export=view&id=1so4gyWB7HViC5Dsd0oN6arX_lT1metYx,1,,false,,,,,,,,,,,,,,,"Very good. All functions intact and operational. One flaw noted: visible adhesive residue mark on tape dispenser surface. No cracks, discoloration, or structural damage. Drawer slides smoothly. Calendar mechanism functions correctly.",,27.5 × 9 × 11 cm (10.8 × 3.5 × 4.3 inches),"Perpetual calendar – manual date display, indefinitely reusable
Pen and pencil organizer – vertical storage for writing instruments
Tape dispenser – integrated cutter mechanism
Pull-out drawer – small-item storage (clips, stamps, erasers)
Memo card holder – accessible slot for notes or business cards","Herlitz AG, founded in Berlin in 1904 by Carl Herlitz, grew into one of Europe's largest office supply manufacturers. The company specialized in paper goods, writing instruments, filing systems, and desk accessories – functional products built for workplace reliability. By the 1980s, Herlitz operated production facilities across Germany with dominant European market presence. In 2014, the company was acquired by Pelikan Holding AG.","Home offices favoring tactile, screen-free tools
Workspaces with vintage or retro-modernist aesthetics
Studios where functional simplicity supports creative work
Collections of 20th-century office design and industrial plastics",,"Free local pickup available (Kraków, Poland)
Shipping cost calculated individually based on your location
Contact us before purchase for a shipping quote",All vintage objects are carefully inspected and cleaned before sale. We ensure every piece meets our standards for authenticity and condition.,,,,,,,,,,,,,,,,,,,,active
driade-waterfall-coffee-table-fredrikson-stallard,Driade Waterfall coffee table | Fredrikson Stallard,"<p>Designed in 2012 by Fredrikson Stallard for Driade, the Waterfall table interrogates the conventions of static furniture forms. The tabletop does not remain flat – it folds inward at the centre, creating a dramatic void that suggests material caught mid-collapse. This is not surface decoration but structural concept: the form itself carries the meaning.</p><p>Executed in Baydur® polyurethane, a rigid high-density material that permits complex geometries while maintaining durability, the piece achieves an unlikely balance between visual drama and functional stability. The blue lacquer finish amplifies the sculptural reading, presenting the object as a singular mass rather than an assembly of parts.</p><p>Designed in 2012. Baydur® is a structural polyurethane system developed by Bayer MaterialScience, valued in furniture production for its rigidity, surface quality, and ability to render complex forms in a single mould. The Waterfall table belongs to a broader movement in 2010s design exploring furniture as sculptural object rather than purely utilitarian form.</p>",,,,,true,Title,Default Title,,,,,,,,MEB-142,0,shopify,0,deny,manual,6000,,true,true,,,,,,https://drive.google.com/uc?export=view&id=13g1iBkNm0IXKPYPEvopfqsnAbH_-UcGi,1,,false,,,,,,,,,,,,,,,Very good. Surface exhibits scratches and a few small paint chips. No cracks present. Structure is solid and stable.,"Fredrikson Stallard – British-Swedish design duo founded in 2005 by Patrik Fredrikson and Ian Stallard. Known for sculptural furniture that operates at the boundary between design and art. Their work is held in permanent collections including the Victoria and Albert Museum, London.",216 × 60 × 34 cm,"Central void created by inward-folding surface
Monolithic Baydur® polyurethane construction
Blue lacquer finish","About Driade: Founded in 1968 in Piacenza, Italy, Driade is a prestigious furniture manufacturer known for collaborating architects and designers including Philippe Starck, Enzo Mari, and Tokujin Yoshioka. Driade has consistently positioned itself at the experimental edge of Italian industrial design.","Entrance halls,
Gallery corridors
Minimal interiors where the sculptural silhouette can occupy space without competition
Admirers of modern design",,"Free local pickup available (Kraków, Poland)
Shipping cost calculated individually based on your location
Contact us before purchase for a shipping quote",All vintage furniture is professionally cleaned and inspected before sale. We ensure every piece is ready to enjoy.,,,,,,,,,,,,,,,,,,,,active
knabstrup-nautilus-vase-erik-reiff,Knabstrup Nautilus vase | Erik Reiff,"<p>Designed by Erik Reiff for Knabstrup Keramik, this vase belongs to the Nautilus series – a line characterised by organic, forms that reference natural geometries.</p><p>Produced in the 1970s or 1980s, the piece reflects the period's interest in biomorphic shapes within Scandinavian ceramics. Knabstrup's production quality is evident in the clean lines and consistent glaze application.</p>",,,,,true,Title,Default Title,,,,,,,,DEK-147,0,shopify,0,deny,manual,160,,true,true,,,,,,https://drive.google.com/uc?export=view&id=1xeGBTbPEAv9XXebZ1I1QD26zL9I94YQz,1,,false,,,,,,,,,,,,,,,"Perfect, NoS. No chips, cracks, or repairs.","Erik Reiff – Danish ceramicist active from the mid-20th century. Known for his work with Knabstrup Keramik, where he developed forms that balanced functional typologies with sculptural experimentation. The Nautilus series exemplifies his interest in natural forms translated into ceramic production.",16 × 8 × 8 cm,"Nautilus series – organic form
Danish ceramic production
Compact sculptural silhouette","Knabstrup Keramik – Danish ceramics manufacturer founded in 1897, Denmark. One of the oldest potteries in Scandinavia, Knabstrup transitioned from traditional stoneware to art ceramics in the 20th century, collaborating with designers to produce distinctive mid-century and late-century pieces.","A shelf, windowsill, or side table
Collectors of Scandinavian ceramics
Minimal and modern interiors",,"Free local pickup available (Kraków, Poland)
Shipping cost calculated individually based on your location
Contact us before purchase for a shipping quote",All vintage objects are carefully inspected and cleaned before sale. We ensure every piece meets our standards for authenticity and condition.,,,,,,,,,,,,,,,,,,,,active
pan-leuchten-fat-lava-ceramic-sconce-new-old-stock,Pan Leuchten fat lava ceramic sconce | New Old Stock,"<p>A 1970s ceramic wall sconce by Pan Leuchten, presented here as new old stock – unused and retained in its original packaging. The piece exemplifies the Fat Lava aesthetic that emerged from West German ceramics production during the 1960s and 1970s: thickly applied, volcanic-textured glazes over robust ceramic bodies.</p><p>This wall lamp has never been installed or used. It remains in mint condition, offering a rare opportunity to acquire a period lighting fixture without the wear typical of five decades of existence.</p><p>Fat Lava refers to a style of West German ceramic production characterised by thick, heavily textured glazes resembling volcanic rock or molite lava flows. The term was coined retrospectively by collectors. Production centred in the Westerwald and Rhineland regions, with numerous factories – including Scheurich, Carstens, and Bay Keramik – contributing to the style's proliferation. Lighting fixtures in this idiom are less common than vases and remain sought after for their material intensity.</p>",,,,,true,Title,Default Title,,,,,,,,LMP-077,0,shopify,0,deny,manual,2000,,true,true,,,,,,https://drive.google.com/uc?export=view&id=1GcuvJ01hcfeMvv9yojT6J0Smm4FzV8-t,1,,false,,,,,,,,,,,,,,,"Mint. The sconce itself is unused and shows no wear. Original packaging shows signs of age – the lid has begun to come loose and peel in places. Bubble wrap has been inserted beneath the lid for added protection during storage and transit.

This lamp has never been removed from its packaging and therefore has not undergone an electrical safety check. We can perform this inspection upon the buyer's specific request prior to shipping.",,33 × 33 × 11 cm,"Fat Lava ceramic – volcanic textured glaze
Unique piece, new old stock – unused, in original packaging
West German production, 1970s","About Pan Leuchten: Pan Leuchten was a West German lighting manufacturer active during the 1960s and 1970s, known for creating bold ceramic lamps with distinctive glazes and sculptural forms. Their pieces combined traditional ceramic craftsmanship with space-age aesthetics, creating unique lighting objects that are highly collectible today.","Collectors of Fat Lava ceramics and West German lighting
Hallways and entryways requiring sculptural accent lighting
Mid-century modern and brutalist interiors
Those seeking museum-condition vintage pieces",,"Free local pickup available (Kraków, Poland)
Shipping cost calculated individually based on your location
Contact us before purchase for a shipping quote","All vintage lighting is carefully inspected, electrically tested, and serviced before sale. We ensure every piece is safe and ready to enjoy in your home.",,,,,,,,,,,,,,,,,,,,active
small-messow-teddy-bear-night-light-blue,Small Messow teddy bear night light – blue,"<p>A figural night light by Messow, produced in the 1980s. The lamp takes the form of a teddy bear rendered in blue-tinted translucent material, designed to emit a soft ambient glow suitable for children's rooms or low-light environments. The piece represents a category of functional decorative lighting that balanced child-friendly aesthetics with practical bedroom use.</p><p>Figural night lights occupy a specific niche within lighting design – objects required to balance formal appeal, material translucency for light diffusion, and subject matter appropriate for their intended context. The teddy bear, a fixture of childhood iconography since the early 20th century, was a common motif for manufacturers like Messow operating in this category.</p>",,,,,true,Title,Default Title,,,,,,,,LMP-080,0,shopify,0,deny,manual,300,,true,true,,,,,,https://drive.google.com/uc?export=view&id=168k8oHsWEuTzql6cxYP6JBmYTEbv3Hl8,1,,false,,,,,,,,,,,,,,,"Very good vintage condition, consistent with age. The lamp has been electrically inspected and is safe for use.",,Height: 30 cm,"Teddy bear form
Translucent blue material
German production, 1980s
Playful design
Professionally tested electrical system","About Messow: Messow was a German manufacturer specializing in molded plastic novelty lighting during the 1980s. Inspired by popular culture and consumer products, their gummy bear lamps became favorites among collectors, blending nostalgia with functional design.","Children's bedrooms and nurseries
Collectors of 1980s decorative lighting
Playful accent in eclectic interiors
Those seeking functional vintage night lights",,"Free local pickup available (Kraków, Poland)
Shipping cost calculated individually based on your location
Contact us before purchase for a shipping quote","All vintage lighting is carefully inspected, electrically tested, and serviced before sale. We ensure every piece is safe and ready to enjoy in your home.",,,,,,,,,,,,,,,,,,,,active
red-plastic-record-rack-l-shaped-wall-mountable,"Red plastic record rack | L-shaped, wall mountable","<p>A wall-mountable record rack in red plastic, produced during the 1970s or 1980s. The design employs a simple L-shaped form – a functional solution for vertical record storage that prioritises accessibility and spatial economy.</p><p>This type of utilitarian storage object emerged alongside the widespread domestic adoption of vinyl as a primary music format, when practical, affordable storage solutions became a household necessity rather than a design statement.</p><p>Plastic record racks of this type represent a category of anonymous design – functional objects produced without designer attribution, shaped primarily by manufacturing efficiency and material constraints. The L-shaped form accommodates vinyl records while allowing quick browsing access. Red was a common colourway during this period, reflecting broader trends in domestic plastics that favoured saturated hues. These racks were typically injection-moulded, a process that enabled mass production at accessible price points.</p>",,,,,true,Title,Default Title,,,,,,,,AKC-196,0,shopify,0,deny,manual,150,,true,true,,,,,,https://drive.google.com/uc?export=view&id=1Y1ySD5bS56YxrvbJEME_F9E-cuWvGsKT,1,,false,,,,,,,,,,,,,,,Consistent with age and use. Visible scratches are present across surfaces. No cracks. Construction remains sturdy and fully functional. Cleaned and ready for immediate use.,,33 × 17 × 33 cm,"L-shaped plastic form, wall mountable
Bold red colourway
Sturdy construction, no cracks
Cleaned and ready for use
Anonymous design, 1970s/80s",,"Vinyl collectors seeking functional vintage storage
Home listening spaces and music rooms
Those preferring wall-mounted solutions for floor space economy
Interiors embracing bold colour accents",,"Free local pickup available (Kraków, Poland)
Shipping cost calculated individually based on your location
Contact us before purchase for a shipping quote",All vintage objects are carefully inspected and cleaned before sale. We ensure every piece meets our standards for authenticity and condition.,,,,,,,,,,,,,,,,,,,,active
green-plastic-record-rack-l-shaped-wall-mountable,"Green plastic record rack | L-shaped, wall mountable","<p>A wall-mountable vinyl storage rack in green plastic, dating to the 1970s or 1980s. The piece features an L-shaped construction – a straightforward approach to vertical record organisation that emphasises ease of access and efficient use of wall space.</p><p>Storage objects of this kind appeared in response to the vinyl boom, when practical, budget-conscious solutions for growing home collections became essential domestic items.</p><p>Injection-moulded record racks like this one belong to the realm of vernacular design – everyday objects shaped by production logic and material properties rather than named authorship. The L-shaped profile supports standard LPs while permitting easy flipping through a collection. Green was among the popular saturated tones favoured in domestic plastics of this era, reflecting a broader appetite for expressive colour in functional household goods.</p>",,,,,true,Title,Default Title,,,,,,,,AKC-201,0,shopify,0,deny,manual,150,,true,true,,,,,,https://drive.google.com/uc?export=view&id=1sj1Fr_-KtcR4u25nCHt6Bck2rQSfP-0z,1,,false,,,,,,,,,,,,,,,Consistent with age and use. Surface scratches visible. No structural damage. Remains fully functional and sturdy. Cleaned and prepared for immediate use.,,33 × 17 × 33 cm,"L-shaped plastic construction, mounts to wall
Vivid green finish
Solid build, free of cracks
Cleaned and ready for your collection
Unattributed production, 1970s/80s",,"Vinyl enthusiasts in need of vintage-era storage
Dedicated listening rooms and home studios
Spaces where wall-mounted storage maximises floor area
Interiors welcoming vibrant colour statements",,"Free local pickup available (Kraków, Poland)
Shipping cost calculated individually based on your location
Contact us before purchase for a shipping quote",All vintage objects are carefully inspected and cleaned before sale. We ensure every piece meets our standards for authenticity and condition.,,,,,,,,,,,,,,,,,,,,active
orange-plastic-record-rack-l-shaped-wall-mountable,"Orange plastic record rack | L-shaped, wall mountable","<p>A plastic record holder in orange, designed for wall mounting and produced during the 1970s or 1980s. Its L-shaped profile offers a no-nonsense method for storing vinyl upright, balancing accessibility with compact spatial footprint.</p><p>Such utilitarian pieces became commonplace as home record collections expanded, demanding affordable and practical storage that could integrate into everyday living environments.</p><p>Mass-produced plastic racks of this variety exemplify anonymous design – objects born of manufacturing efficiency rather than individual vision. The L-form cradles records vertically, allowing quick visual scanning of spines. Orange, a hallmark colour of 1970s interiors, appeared frequently in domestic plastic goods of the period, reflecting the era's embrace of bold, optimistic palettes in functional everyday items.</p>",,,,,true,Title,Default Title,,,,,,,,AKC-197,0,shopify,0,deny,manual,150,,true,true,,,,,,https://drive.google.com/uc?export=view&id=1u3ShatjZ08SxPZd4A6Rkatdv3Nyee9IW,1,,false,,,,,,,,,,,,,,,Wear consistent with age and prior use. Scratches present on surfaces. No cracks or structural compromise. Construction is sound and fully functional. Cleaned and ready to house your records.,,33 × 17 × 33 cm,"L-shaped plastic body, suitable for wall installation
Striking orange hue
Robust structure, crack-free
Cleaned and prepared for use
Anonymous manufacture, 1970s/80s",,"Record collectors seeking period-appropriate storage
Music corners and analogue listening setups
Those favouring wall solutions to conserve floor space
Interiors embracing warm, saturated accent colours",,"Free local pickup available (Kraków, Poland)
Shipping cost calculated individually based on your location
Contact us before purchase for a shipping quote",All vintage objects are carefully inspected and cleaned before sale. We ensure every piece meets our standards for authenticity and condition.,,,,,,,,,,,,,,,,,,,,active
green-plastic-teddy-bear-money-box,Green plastic teddy bear money box,"<p>A plastic money box in the form of a teddy bear, finished in green. This type of figural savings bank reflects a longstanding tradition of encouraging thrift through playful, approachable forms – a practice dating back to 19th-century ceramic coin banks.</p><p>Plastic iterations like this one emerged in the postwar period, when injection moulding made such objects widely accessible. The piece retains its original key, allowing the base to be unlocked for coin retrieval.</p><p>Figural money boxes occupy a curious intersection of utility and sentiment. The teddy bear motif, ubiquitous in children's products since the early 20th century, lent these savings banks an emotional appeal intended to foster early habits of financial responsibility. Green examples are less common than primary colours, offering a subtle alternative for those seeking understated charm. The inclusion of the original key is a practical advantage – many vintage money boxes have long since parted ways with theirs.</p>",,,,,true,Title,Default Title,,,,,,,,AKC-198,0,shopify,0,deny,manual,120,,true,true,,,,,,https://drive.google.com/uc?export=view&id=1I6kdgLetefq6wrOM3fHMxL0a34rOsvt9,1,,false,,,,,,,,,,,,,,,Good overall condition. A small imperfection is visible on the back. General signs of use consistent with age. Structurally sound and fully functional.,,15 × 9 × 9 cm,"Figural teddy bear form in moulded plastic
Green color
Functioning lock mechanism with key
Compact tabletop size",,"Children's rooms or playful interior accents
Collectors of vintage plastic objects
Desks, shelves, or entryway catch-alls
Those drawn to functional objects with nostalgic character",,"Free local pickup available (Kraków, Poland)
Shipping cost calculated individually based on your location
Contact us before purchase for a shipping quote",All vintage objects are carefully inspected and cleaned before sale. We ensure every piece meets our standards for authenticity and condition.,,,,,,,,,,,,,,,,,,,,active
red-plastic-teddy-bear-money-box,Red plastic teddy bear money box,"<p>A plastic money box in the form of a teddy bear, finished in red. Figural savings banks of this kind carry forward a tradition rooted in 19th-century ceramic coin banks – objects designed to make the habit of saving tangible and approachable.</p><p>Injection-moulded plastic versions became widespread in the postwar decades, offering an affordable alternative while retaining the charm of their predecessors. This example is unused and includes its original key for unlocking the base.</p><p>Money boxes adopting this shape aimed to make saving feel less like obligation and more like companionship. Red, a perennially popular colour in plastic goods, ensures visibility and a cheerful presence.</p>",,,,,false,Title,Default Title,,,,,,,,AKC-199,0,shopify,0,deny,manual,,,true,true,,,,,,,,,false,,,,,,,,,,,,,,,"Unused. No signs of wear, scratches, or imperfections. Structurally intact and fully functional. Includes original key.",,15 × 9 × 9 cm,"Teddy bear shaped form in moulded plastic
Red colourway
Functioning lock mechanism with original key
Compact tabletop size
Unused condition",,"Children's rooms or whimsical interior accents
Collectors of vintage plastic objects and kitsch
Desks, shelves, or bedside tables
Gift-giving with a nostalgic touch",,"Free local pickup available (Kraków, Poland)
Shipping cost calculated individually based on your location
Contact us before purchase for a shipping quote",All vintage objects are carefully inspected and cleaned before sale. We ensure every piece meets our standards for authenticity and condition.,,,,,,,,,,,,,,,,,,,,draft
orange-plastic-teddy-bear-money-box,Orange plastic teddy bear money box,"<p>A moulded plastic money box shaped as a teddy bear, presented in orange. Such figural coin banks belong to a lineage stretching back to Victorian-era ceramic savings vessels – objects intended to instil financial habits through familiar, endearing forms.</p><p>Plastic production methods of the mid-to-late 20th century democratised these items, making them accessible household staples. This piece remains unused and retains its original key for base access.</p><p>Orange emerged as a signature hue of 1970s domestic goods, appearing across furniture, textiles, and everyday plastic objects alike. A teddy bear money box in this shade carries both functional purpose and period character. The figural savings bank tradition relies on emotional engagement – the friendly form encourages deposits, while the lock defers withdrawals.</p>",,,,,false,Title,Default Title,,,,,,,,AKC-200,0,shopify,0,deny,manual,,,true,true,,,,,,,,,false,,,,,,,,,,,,,,,"Unused. Free of scratches, marks, or wear. Structurally sound and fully operational. Original key included.",,15 × 9 × 9 cm,"Teddy bear form in moulded plastic
Orange hue
Mechanism with original key
Compact size
Unused",,"Playful accents in children's spaces or living areas
Collectors of mid-century plastic ephemera
Shelf displays, desks, or entryway surfaces
A thoughtful gift with vintage sensibility",,"Free local pickup available (Kraków, Poland)
Shipping cost calculated individually based on your location
Contact us before purchase for a shipping quote",All vintage objects are carefully inspected and cleaned before sale. We ensure every piece meets our standards for authenticity and condition.,,,,,,,,,,,,,,,,,,,,draft
slamp-energy-light-table-lamp-samuel-parker-1990s,"Slamp Energy Light table lamp | Samuel Parker, 1990s","<p>A table lamp from the Energy Light series, designed by Samuel Parker for Slamp. The Italian lighting manufacturer, founded in 1994, established itself through experimentation with technopolymers – a departure from traditional glass and metal that defined much of 20th-century lighting production.</p><p>The Energy Light exemplifies this approach: its Opalflex® shell transforms the lamp into a luminous sculptural object, diffusing light through layered, petal-like forms that create depth and visual complexity.</p>",,,,,true,Title,Default Title,,,,,,,,LMP-123,0,shopify,0,deny,manual,650,,true,true,,,,,,https://drive.google.com/uc?export=view&id=1Dr6BDG6pH02JCW0bKPh9nkdiTZe8CRNu,1,,false,,,,,,,,,,,,,,,Cleaned and prepared for use. A few nearly imperceptible marks remain. Electrically inspected and safe for operation.,"Samuel Parker is a recurring collaborator with Slamp, contributing designs that exploit the formal possibilities of technopolymer materials. The Energy Light demonstrates his interest in organic geometries – the folded, petal-like structure creates visual depth while serving a functional purpose, softening and dispersing light evenly. Parker's work for Slamp consistently treats the lamp not merely as a light source but as a sculptural presence within a room.",Height: 36 cm,"Designed by Samuel Parker for Slamp
Opalflex® technopolymer construction
Sculptural, multidimensional light diffusion
E14 socket, bulb not included
1990s production
Electrical wiring fully inspected","Slamp was founded in 1994 in Pomezia, near Rome, by Roberto Ziliani. The company distinguished itself from established Italian lighting houses by focusing exclusively on technopolymers rather than glass or metal. Opalflex®, the proprietary material used in the Energy Light, is lightweight, flexible, and achieves a warm, diffused glow when illuminated. This material-driven approach allowed Slamp to produce forms impossible in traditional substrates, positioning the brand at the intersection of industrial innovation and decorative lighting design.","Living rooms, bedrooms, or reading corners seeking ambient illumination
Interiors informed by late 20th-century Italian design
Collectors of innovative material-driven lighting
Spaces benefiting from sculptural accent pieces",,"Free local pickup available (Kraków, Poland)
Shipping cost calculated individually based on your location
Contact us before purchase for a shipping quote","All vintage lighting is carefully inspected, electrically tested, and serviced before sale. We ensure every piece is safe and ready to enjoy in your home.",,,,,,,,,,,,,,,,,,,,active
heico-kitten-with-yarn-ball-lamp-1980s-german-design,Heico kitten with yarn ball lamp | 1980s German Design,"<p>A figural table lamp depicting a kitten at play, produced by Heico. It presents a cream-coloured kitten, posed with paws resting atop a large blue yarn ball.</p><p>The composition captures a moment of feline playfulness – a domestic vignette rendered in soft, approachable form. The piece exemplifies Heico's 1980s output, balancing charm with functional illumination.</p>",,,,,true,Title,Default Title,,,,,,,,LMP-146,0,shopify,0,deny,manual,450,,true,true,,,,,,https://drive.google.com/uc?export=view&id=17Zzagt08_ORZKJAdZuHN6qTfylUQZ260,1,,false,,,,,,,,,,,,,,,"Very good. Clean, intact, and ready for use. No significant wear or damage noted. Electrically inspected and safe for operation.",,24 × 22 × 12 cm,"Produced by Heico, Germany
Moulded plastic construction with hand-painted details
Figural kitten form with blue yarn ball
1980s production
Electrical wiring fully inspected","Heico was founded in Germany, specialising in decorative children's lamps. Production combined industrial moulding with hand-painted finishing – a process that lent each piece subtle individuality while maintaining recognisable forms. The kitten-with-yarn motif draws from a long tradition of domestic animal imagery in children's objects, here translated into a functional light source. Heico lamps emit a soft, diffused glow suited to nighttime use, prioritising atmosphere over task illumination.","Children's bedrooms or nurseries requiring gentle ambient light
Collectors of vintage German lighting and novelty objects
Cat enthusiasts seeking functional decorative accents
Bedside tables, shelves, or reading nooks benefiting from soft illumination",,"Free local pickup available (Kraków, Poland)
Shipping cost calculated individually based on your location
Contact us before purchase for a shipping quote","All vintage lighting is carefully inspected, electrically tested, and serviced before sale. We ensure every piece is safe and ready to enjoy in your home.",,,,,,,,,,,,,,,,,,,,active
bo-svensk-candlestick-erik-hoglund-1960s,"Bo Svensk Candlestick | Erik Höglund, 1960s","<p>A candlestick designed by Erik Höglund for Bo Svensk, produced in Sweden during the 1960s. The piece combines a teak wood base with four black metal chimneys, punctuated by amber glass medallions positioned between each chimney.</p><p>This material interplay – warm wood, darkened metal, and translucent glass – demonstrates the Swedish approach to domestic objects during this period: functional items elevated through considered material selection and restrained ornamentation.</p>",,,,,false,Title,Default Title,,,,,,,,DEK-192,0,shopify,0,deny,manual,,,true,true,,,,,,https://drive.google.com/uc?export=view&id=1E2qL3Zoomvas30wHgLisgw9tSgaNsPhs,1,,false,,,,,,,,,,,,,,,Consistent with age. The metal components show signs of use. The teak and glass elements remain in good order. Presented honestly as a vintage piece with expected wear from six decades of existence.,"Erik Höglund (1932–1998) was a Swedish artist and designer whose work spanned glass, ceramics, and metalwork. He is best known for his long collaboration with Boda glassworks, where he introduced a deliberately primitive, handcrafted aesthetic that countered the polished refinement dominating Swedish glass production. His designs frequently incorporated figural motifs, textured surfaces, and an appreciation for material imperfection.",27 × 15.5 × 5 cm,"Designed by Erik Höglund for Bo Svensk
Teak wood base
Four black metal candle chimneys
Amber glass medallions as decorative elements
1960s Swedish production","Bo Svensk was a Swedish producer of domestic objects during the mid-20th century, working with established designers to create functional items for the home market. The company's output aligned with the broader Scandinavian design movement's emphasis on craftsmanship, natural materials, and democratic accessibility. Production prioritised quality execution over mass-market volume, resulting in pieces that have endured both physically and aesthetically.","Dining tables or sideboards in Scandinavian-informed interiors
Collectors of Swedish mid-century design
Spaces benefiting from warm material accents
Display alongside other examples of 1960s Nordic craft",,"Free local pickup available (Kraków, Poland)
Shipping cost calculated individually based on your location
Contact us before purchase for a shipping quote",All vintage objects are carefully inspected and cleaned before sale. We ensure every piece meets our standards for authenticity and condition.,,,,,,,,,,,,,,,,,,,,draft
axella-brutalist-stoneware-plate-denmark-1970s,"Axella brutalist stoneware plate | Denmark, 1970s","<p>A stoneware plate produced by Axella in Denmark during the 1970s. The piece embodies the Brutalist ceramic sensibility that emerged in Scandinavian studio pottery during this decade – a deliberate rejection of refined, smooth surfaces in favour of raw, expressive texture.</p><p>The substantial form and organic surface treatment position this plate within a broader movement that valued material honesty and tactile presence over decorative polish.</p>",,,,,true,Title,Default Title,,,,,,,,SER-191,0,shopify,0,deny,manual,100,,true,true,,,,,,https://drive.google.com/uc?export=view&id=1CTsPtZpTrDreKhAs3AR99jCNn59QmqjL,1,,false,,,,,,,,,,,,,,,"Perfect. No chips, cracks, or repairs. The piece presents as one would hope for a carefully preserved example from this period.",,18.5 cm diameter × 3 cm height,"Produced by Axella, Denmark
Stoneware construction
Substantial, weighty form
Organic, textured surface
1970s production","Axella was a Danish ceramics studio, producing stoneware objects characterised by heavy forms, rough textures, and earth-toned glazes. The studio's work aligned with a broader Nordic interest in brutalism – a term borrowed from architecture to describe ceramics that emphasised mass, surface irregularity, and unrefined materiality. Unlike the smooth, functional pottery associated with earlier Scandinavian modernism, Axella's output treated each piece as a sculptural object first. The studio's production remained relatively small, lending its surviving pieces a certain scarcity among collectors of the period.","Display on shelves, consoles, or dining furniture in interiors informed by 1970s craft movements
Collectors of Scandinavian brutalist ceramics
Spaces benefiting from tactile, sculptural accents
Pairing with other examples of studio pottery or raw-material objects",,"Free local pickup available (Kraków, Poland)
Shipping cost calculated individually based on your location
Contact us before purchase for a shipping quote",All vintage objects are carefully inspected and cleaned before sale. We ensure every piece meets our standards for authenticity and condition.,,,,,,,,,,,,,,,,,,,,active
zen-lounge-chair-by-claude-brisson-ligne-roset-1980s,"Zen lounge chair by Claude Brisson | Ligne Roset, 1980s","<p>A lounge chair from the Zen series, designed by Claude Brisson for Ligne Roset in 1984. The design departs from conventional four-legged construction in favour of a cantilevered frame that permits the seat to flex in response to the sitter's movement.</p><p>This engineered give – a controlled yielding followed by return to rest position – defines the chair's functional character. The contoured backrest and seat connect to the frame as a unified system, distributing weight and motion throughout the structure rather than absorbing it at fixed points.</p>",,,,,true,Title,Default Title,,,,,,,,MEB-068,0,shopify,0,deny,manual,1400,,true,true,,,,,,https://drive.google.com/uc?export=view&id=1jGIrB1WOYyTKGxhYcRCraEcpwDtl48Zp,1,,false,,,,,,,,,,,,,,,Consistent with age. Two minor imperfections present. The Alcantara has been cleaned and remains in preserved condition. Offered transparently as a vintage piece approaching four decades of existence.,"Claude Brisson is a French furniture designer whose collaboration with Ligne Roset produced several notable seating designs during the 1980s. The Zen chair reflects his interest in engineering comfort through structural means – using the frame itself as a mechanism for responsive seating rather than relying solely on cushioning. This approach distinguished his work within Ligne Roset's catalogue, which during this period balanced avant-garde experimentation with domestic practicality.","Height: 104 cm
Width: 75 cm
Depth: 75 cm","Designed by Claude Brisson, 1984
Produced by Ligne Roset, France
Cantilevered frame construction with spring-like flex
Contoured seat and backrest as unified form
Solid base with black-finished arms
Alcantara upholstery, cleaned and preserved","Founded in 1860 in France, Ligne Roset is a prestigious furniture manufacturer renowned for contemporary design and exceptional craftsmanship. The company has collaborated with leading designers worldwide to create timeless pieces that balance innovation with comfort.","Living rooms or reading areas where extended seating comfort is valued
Interiors informed by 1980s French furniture design
Spaces requiring a lounge chair with visual lightness despite substantial form
Pairing with other Ligne Roset pieces or complementary European design from the period",,"Free local pickup available (Kraków, Poland)
Shipping cost calculated individually based on your location
Contact us before purchase for a shipping quote",All vintage furniture is professionally cleaned and inspected before sale. We ensure every piece is ready to enjoy.,,,,,,,,,,,,,,,,,,,,active
sushi-donut-pouf-by-edward-van-vliet-for-moroso-blue-edition-febrik,"Sushi Donut pouf by Edward van Vliet for Moroso | Blue Edition, Febrik","<p>The largest iteration of the Sushi Donut pouf, designed by Edward van Vliet for Moroso. This piece belongs to the Sushi collection, introduced in 2002 as a collaboration between the Dutch designer and the Italian manufacturer.</p><p>The collection's defining characteristic is its patchwork construction – an assembly of geometric fabric segments in varying textures and tones, here executed in the Blue Edition colourway using Febrik textiles. The toroidal form rests on a wooden base, creating a floor-level seating element of considerable presence at 140 centimetres in diameter.</p>",,,,,true,Title,Default Title,,,,,,,,MEB-066,0,shopify,0,deny,manual,9000,,true,true,,,,,,https://drive.google.com/uc?export=view&id=1_HD67AtLurMZANrn7sAp-gAxqZjppeNv,1,,false,,,,,,,,,,,,,,,Consistent with age and use. Minor imperfections and discolorations visible in some areas of the upholstery. The wooden base structure has been inspected and secured. The piece is stable and functional.,"Edward van Vliet is a Dutch designer whose work frequently navigates between Eastern decorative traditions and Western contemporary form. His approach to pattern and colour draws from textiles, architecture, and ornamental craft across cultures – synthesising these references into objects that register as neither purely traditional nor entirely futuristic.","Diameter: 140 cm
Height: 45 cm
Weight: 45 kg","Designed by Edward van Vliet for Moroso
Sushi collection, Blue Edition
Largest version produced in the Donut configuration
Patchwork upholstery using Febrik fabrics
Wooden base construction
Professionally cleaned and structurally inspected","Moroso was founded in 1952 in Udine, Italy, initially producing upholstered furniture through conventional means. Under the creative direction of Patrizia Moroso beginning in the 1980s, the company repositioned itself as a platform for experimental design, commissioning work from an international roster including Ron Arad, Patricia Urquiola, and Tord Boontje.","Large living spaces requiring a central seating element or visual anchor
Interiors that accommodate bold, patterned pieces without competing elements
Informal lounging areas, creative studios, or hospitality environments
Collectors of early 2000s Italian production with an interest in textile-forward design",,"Free local pickup available (Kraków, Poland)
Shipping cost calculated individually based on your location
Contact us before purchase for a shipping quote",All vintage furniture is professionally cleaned and inspected before sale. We ensure every piece is ready to enjoy.,,,,,,,,,,,,,,,,,,,,active
soehnle-folding-kitchen-scale-beige-wall-mountable,"Soehnle folding kitchen scale | Beige, wall-mountable","<p>A folding kitchen scale produced by Soehnle. The design reflects the space age aesthetic that influenced domestic products during the late 1960s and 1970s – smooth surfaces, compact geometry, and an emphasis on functional efficiency within minimal form.</p><p>The scale folds flat for wall-mounted storage, a practical solution characteristic of German product engineering from this period. The beige colourway positions the piece within the earth-toned palette that dominated kitchen design as the 1970s progressed.</p>",,,,,true,Title,Default Title,,,,,,,,SER-211,0,shopify,0,deny,manual,170,,true,true,,,,,,https://drive.google.com/uc?export=view&id=1o5P3rQkl242FGzPP3jdGcu_jLPusXgHc,1,,false,,,,,,,,,,,,,,,Appears unused. Presented in original packaging. The piece has been cleaned and is ready for use. Mechanical function intact.,,Measuring range: 0–3 kg,"Produced by Soehnle
Folding mechanism for flat storage
Wall-mountable design
Beige plastic housing
Mechanical operation, 0–3 kg range
Original box included","Soehnle was established in 1868 in Murrhardt, Germany, initially producing weighing equipment for agricultural and commercial applications. The company expanded into domestic scales during the 20th century, becoming a household name in Germany for precision kitchen and bathroom scales. Soehnle's product design during the postwar decades balanced engineering reliability with contemporary aesthetics, responding to shifts in domestic interior trends while maintaining mechanical accuracy.","Kitchens where counter space is limited
Interiors informed by 1970s German industrial design
Collectors of vintage domestic technology
Spaces benefiting from functional objects with period-appropriate aesthetics",,"Free local pickup available (Kraków, Poland)
Shipping cost calculated individually based on your location
Contact us before purchase for a shipping quote",All vintage objects are carefully inspected and cleaned before sale. We ensure every piece meets our standards for authenticity and condition.,,,,,,,,,,,,,,,,,,,,active
messow-teddy-bear-night-light-green-1980s,"Messow teddy bear night light | Green, 1980s","<p>A figural night light in the form of a teddy bear, produced by Messow during the 1980s. The piece is moulded in green plastic with translucent properties that allow the internal bulb to cast a soft, diffused glow.</p><p>Messow specialised in decorative lighting for children's rooms during this period, and the teddy bear form represents the company's approach to combining functional illumination with sculptural, child-friendly design. At 30 centimetres in height, the lamp serves as both a light source and a room object of notable presence.</p>",,,,,true,Title,Default Title,,,,,,,,LMP-214,0,shopify,0,deny,manual,300,,true,true,,,,,,https://drive.google.com/uc?export=view&id=1ZEL5hTMcxhptgWl6iZGz-J4r2BXUW4xX,1,,false,,,,,,,,,,,,,,,"Great vintage condition, consistent with age. The piece has been electrically inspected and is ready for use. Any wear present reflects four decades of existence and does not compromise function or overall appearance.",,Height: 30 cm,"Produced by Messow
1980s production
Green plastic construction with translucent properties
Figural teddy bear form
Height: 30 cm
Electrically inspected and functional","About Messow: Messow was a German manufacturer specializing in molded plastic novelty lighting during the 1980s. Inspired by popular culture and consumer products, their gummy bear lamps became favorites among collectors, blending nostalgia with functional design.","Children's bedrooms or nurseries requiring ambient night lighting
Collectors of 1980s West German decorative objects
Interiors with an appreciation for period kitsch presented without irony
Display shelving where the sculptural form can be appreciated both lit and unlit",,"Free local pickup available (Kraków, Poland)
Shipping cost calculated individually based on your location
Contact us before purchase for a shipping quote","All vintage lighting is carefully inspected, electrically tested, and serviced before sale. We ensure every piece is safe and ready to enjoy in your home.",,,,,,,,,,,,,,,,,,,,active
bullet-optical-vase-no-914-rudolf-schrotter-for-sklo-union-rosice,Bullet optical vase no. 914 | Rudolf Schrötter for Sklo Union Rosice,"<p>A pressed glass vase from the Bullet series, pattern No. 914, designed by Rudolf Schrötter for Sklo Union Rosice glassworks in Czechoslovakia. The design dates to the 1950s, a period when Czechoslovak glass production achieved international recognition for combining industrial manufacturing techniques with sophisticated optical effects.</p><p>The elongated bullet form features a faceted surface that refracts light through the thick glass walls, creating the characteristic lens-like distortions that define Sklo Union's optical programme. The proportions emphasise verticality while maintaining visual weight at the base.</p>",,,,,true,Title,Default Title,,,,,,,,DEK-148,0,shopify,0,deny,manual,90,,true,true,,,,,,https://drive.google.com/uc?export=view&id=1TelFfmxkcYY6egs0XcUTVfgmpL1fHi1C,1,,false,,,,,,,,,,,,,,,Good condition. Minor imperfections are present and visible in the photographs.,Rudolf Schrötter was a Czech glass designer who worked with the Rosice glassworks during the postwar period. His contributions to the Sklo Union catalogue include several pressed glass designs that exploited the optical potential of thick-walled forms – using geometry and faceting to manipulate light transmission rather than relying on applied decoration or colour.,"Height: 15 cm, Diameter: 5.5 cm","Designed by Rudolf Schrötter
Produced by Sklo Union Rosice, Czechoslovakia
Pattern No. 914, Bullet series
1950s design
Pressed glass with optical faceting","Sklo Union was the state consolidation of Czechoslovak glassworks established in 1965, though member factories such as Rosice had operated independently for decades prior. Under the Sklo Union structure, Czechoslovak glass achieved significant export success, with optical and textured designs finding markets throughout Europe and North America. The pressed glass technique – mould-forming molten glass under mechanical pressure – allowed for precise reproduction of complex surface geometries at industrial scale, making sophisticated optical effects accessible beyond the luxury market.","Narrow surfaces such as windowsills or shelving where the optical properties can interact with natural light
Collections focused on postwar Czechoslovak glass production
Interiors requiring small-scale decorative objects with material presence
Display alongside other Sklo Union pieces or midcentury European glass",,"Free local pickup available (Kraków, Poland)
Shipping cost calculated individually based on your location
Contact us before purchase for a shipping quote",All vintage objects are carefully inspected and cleaned before sale. We ensure every piece meets our standards for authenticity and condition.,,,,,,,,,,,,,,,,,,,,active
orange-plastic-dessert-tray-set-poland-1973,"Orange plastic dessert tray set | Poland, 1973","<p>A five-piece dessert serving set produced by Chemiczna Spółdzielnia Pracy in Łuków, Poland, dated 1973. The set comprises one large serving tray and four individual portion trays, injection-moulded in an orange plastic characteristic of early 1970s colour preferences.</p><p>The pieces are unused, new-old-stock status – a not uncommon occurrence with PRL-era housewares that were purchased and stored rather than deployed.</p>",,,,,false,Title,Default Title,,,,,,,,SER-179,0,shopify,0,deny,manual,,,true,true,,,,,,https://drive.google.com/uc?export=view&id=1gUpiBK4edECnILsnJtGWGnSmqDDR6eYN,1,,false,,,,,,,,,,,,,,,"Consistent with age. Minor surface scratches visible across the set. Two of the five trays retain their original paper labels. Despite apparent lack of use, the pieces show the light wear expected of objects over fifty years old. The plastic maintains structural integrity and colour saturation.",,"Large tray: 34 × 15.4 × 1.6 cm
Small trays: 14.4 × 7.3 × 2.7 cm (each)","Produced by Chemiczna Spółdzielnia Pracy, Łuków, Poland
Dated 1973
Set of five pieces: one large tray, four small trays
Orange injection-moulded plastic
Two trays retain original factory labels
Unused, NoS","Chemiczna Spółdzielnia Pracy in Łuków was one of numerous workers' cooperatives operating throughout Poland during the socialist period. These cooperatives functioned as production units within the centrally planned economy, manufacturing consumer goods ranging from household plastics to textiles and furniture. The cooperative in Łuków, as its name indicates, specialised in chemical and plastic products. Such organisations often produced items of surprisingly considered design, constrained by material limitations but responsive to contemporary European trends filtering through the Eastern Bloc. The survival of factory labels on pieces from this period provides valuable documentation, as production records from PRL-era cooperatives are frequently incomplete or inaccessible.","Collectors of PRL-era Polish domestic design
Kitchens or dining spaces incorporating 1970s colour palettes
Display contexts exploring Eastern Bloc consumer goods production
Functional use as serving pieces where period-appropriate aesthetics are desired",,"Free local pickup available (Kraków, Poland)
Shipping cost calculated individually based on your location
Contact us before purchase for a shipping quote",All vintage objects are carefully inspected and cleaned before sale. We ensure every piece meets our standards for authenticity and condition.,,,,,,,,,,,,,,,,,,,,draft
heico-bear-night-lamp-orange-1980s,"Heico bear night lamp | Orange, 1980s","<p>A figural night light in the form of a bear, produced by Heico during the 1980s. The lamp is constructed from moulded plastic with translucent properties, emitting a warm orange glow when illuminated. The bear form reflects the design language Heico applied across its range of children's lighting during this period.</p><p>The piece functions as both a low-level light source and a sculptural object, occupying the specific category of West German juvenile products that balanced safety considerations with decorative intent.</p>",,,,,true,Title,Default Title,,,,,,,,LMP-182,0,shopify,0,deny,manual,490,,true,true,,,,,,https://drive.google.com/uc?export=view&id=1yt9ZkpbJxVjsZDh5T1s3E218ROVstr_X,1,,false,,,,,,,,,,,,,,,Very good vintage condition. Minimal signs of age are present. The piece has been electrically inspected and is safe and ready for use.,,Height: 29 cm,"Produced by Heico, West Germany
1980s production
Plastic construction with translucent properties
Figural bear form
Compact dimensions suitable for bedside or shelf placement
Electrically inspected and fully functional","Heico was founded in Germany, specialising in decorative children's lamps. Production combined industrial moulding with hand-painted finishing – a process that lent each piece subtle individuality while maintaining recognisable forms.","Children's bedrooms requiring ambient night lighting
Collectors of West German juvenile design and vintage toy-adjacent objects
Interiors incorporating 1980s decorative elements
Display contexts where the piece can be appreciated both lit and unlit",,"Free local pickup available (Kraków, Poland)
Shipping cost calculated individually based on your location
Contact us before purchase for a shipping quote","All vintage lighting is carefully inspected, electrically tested, and serviced before sale. We ensure every piece is safe and ready to enjoy in your home.",,,,,,,,,,,,,,,,,,,,active
veranda-two-seater-sofa-by-vico-magistretti-for-cassina-italy-1983,"Veranda two-seater sofa by Vico Magistretti for Cassina | Italy, 1983","<p>The Veranda sofa, designed by Vico Magistretti for Cassina in 1983. This two-seater example retains its original upholstery and demonstrates the adjustable configuration system that distinguished the design upon its introduction. Magistretti conceived Veranda as a modular seating concept with moveable backrests and armrests, allowing users to reconfigure the piece from formal sofa to informal daybed – a functional flexibility that addressed changing domestic behaviours without sacrificing visual coherence.</p><p>The steel frame supports independent cushioned elements that pivot and lock into multiple positions, engineering comfort as a variable rather than a fixed state.</p>",,,,,false,Title,Default Title,,,,,,,,MEB-003,0,shopify,0,deny,manual,5000,,true,true,,,,,,,,,false,,,,,,,,,,,,,,,"Original condition with professional restoration work completed. Light staining remains visible on the upholstery in places. The piece has been professionally cleaned, and the foam and fabric covers have been secured and restored by an upholstery specialist. Minor repairs have been made where the covers connect to the frame and support structures. The adjustable mechanism functions as intended.","Vico Magistretti (1920–2006) was a Milanese architect and designer whose career spanned the second half of the twentieth century. Trained at the Politecnico di Milano, Magistretti worked across architecture, furniture, and lighting, maintaining long-standing relationships with manufacturers including Cassina, Artemide, and Fritz Hansen. His approach prioritised clarity of concept and economy of means – designs that could be understood at a glance yet revealed their intelligence through use. Magistretti received the Compasso d'Oro on multiple occasions and his work is held in permanent collections at the MoMA, the V&A, and the Triennale di Milano.",175 × 75 × 80 cm,"Designed by Vico Magistretti, 1983
Produced by Cassina, Italy
Veranda model, two-seater configuration
Adjustable backrest and armrest positions
Steel frame with articulating mechanism
Original upholstery retained","Cassina, founded in Meda in 1927, occupies a central position in the history of Italian furniture production. The company is distinguished by its dual commitment: manufacturing contemporary designs by living practitioners while holding exclusive rights to reproduce works by modern masters including Le Corbusier, Charlotte Perriand, and Gerrit Rietveld through its I Maestri collection. Cassina's collaborations with postwar Italian designers – Magistretti, Bellini, Scarpa, Piano – produced furniture that defined the parameters of Italian design's international reputation. The company's manufacturing in the Brianza region maintains the integration of industrial production with artisanal finishing that characterises high-end Italian furniture making.","Living spaces requiring adaptable seating that transitions between upright and reclined use
Interiors with established collections of 1980s Italian design
Environments where functional innovation takes precedence over pristine presentation
Collectors seeking original-condition examples of iconic furniture",,"Free local pickup available (Kraków, Poland)
Shipping cost calculated individually based on your location
Contact us before purchase for a shipping quote",All vintage furniture is professionally cleaned and inspected before sale. We ensure every piece is ready to enjoy.,,,,,,,,,,,,,,,,,,,,draft
green-bear-floor-lamp-messow-1980s,"Green bear floor lamp | Messow, 1980s","<p>A floor lamp in the form of a standing bear, produced by Messow in the 1980s. At 73 centimetres tall, this is a substantial piece – scaled for floor placement rather than tabletop display. The lamp is constructed from moulded plastic in a green colourway typical of 1980s interior palettes.</p><p>The bear stands upright in an anthropomorphised pose, its translucent body housing the light source and diffusing illumination through the plastic shell. Messow produced a range of these figural lamps during the decades.</p>",,,,,false,Title,Default Title,,,,,,,,LMP-078,0,shopify,0,deny,manual,550,,true,true,,,,,,,,,false,,,,,,,,,,,,,,,Condition consistent with age. One paw exhibits a minor imperfection. The piece has been electrically inspected and is safe for domestic use. The plastic retains its original green colouration without significant fading or discolouration.,,Height: 73 cm,"Produced by Messow\
1980s production
Green moulded plastic construction
Figural bear form, standing pose
Electrically inspected and ready for use","About Messow: Messow was a German manufacturer specializing in molded plastic novelty lighting during the 1980s. Inspired by popular culture and consumer products, their gummy bear lamps became favorites among collectors, blending nostalgia with functional design.","Corner placement in living spaces where the lamp can function as both light source and sculptural object
Children's rooms requiring characterful ambient lighting at floor level
Interiors incorporating 1970s colour schemes and decorative sensibilities
Collectors of novelty lighting and figural plastic objects from the postwar period",,"Free local pickup available (Kraków, Poland)
Shipping cost calculated individually based on your location
Contact us before purchase for a shipping quote","All vintage lighting is carefully inspected, electrically tested, and serviced before sale. We ensure every piece is safe and ready to enjoy in your home.",,,,,,,,,,,,,,,,,,,,draft
copper-coasters-with-picasso-face-of-peace-poland-1970s,"Copper coasters with Picasso ""Face of Peace"" | Poland, 1970s","<p>A set of six copper coasters produced by Spółdzielnia Warta in Poland during the 1970s. Each coaster features a graphic reproduction of Pablo Picasso's ""Face of Peace"" – a simplified linear portrait that became one of the artist's most widely disseminated images following its creation for the 1950 World Peace Congress in Sheffield. The coasters retain their original packaging, placing them within the category of new-old-stock – produced for sale but preserved unused.

Spółdzielnia Warta's production of these coasters represents the intersection of political symbolism, licensed or appropriated imagery, and domestic metalwork manufacturing during the PRL era.</p>",,,,,false,Title,Default Title,,,,,,,,SER-202,0,shopify,0,deny,manual,220,,true,true,,,,,,,,,false,,,,,,,,,,,,,,,"The coasters themselves are in perfect vintage condition, showing no wear or damage. The original packaging is retained but slightly unglued. The copper surfaces maintain their finish without significant patination or marking.","Pablo Picasso (1881–1973) was a Spanish artist who spent most of his working life in France, where he became the dominant figure of twentieth-century Western art. His output across painting, sculpture, printmaking, and ceramics reshaped the parameters of visual representation, most significantly through the development of Cubism alongside Georges Braque between 1907 and 1914. The ""Face of Peace"" motif reproduced on these coasters derives from his work for the international peace movement – simplified linear portraits that could be easily reproduced across media and borders. This iconography, including the related ""Dove of Peace,"" became arguably more widely circulated than his canonical paintings, appearing on posters, textiles, ceramics, and metalwork throughout the Eastern Bloc and beyond. The presence of Picasso's imagery on Polish cooperative goods reflects both his ideological alignment with socialist states and the deliberate propagation of his peace symbols as tools of cultural diplomacy during the Cold War.",9.5 × 8.5 × 0.5 cm each,"Produced by Spółdzielnia Warta, Poland
1970s production
Set of six coasters
Copper construction with stamped or etched surface decoration
Picasso ""Face of Peace"" motif
Original packaging retained","Spółdzielnia Warta was a Polish workers' cooperative operating during the PRL period. Like many spółdzielnie of the era, Warta produced decorative and functional household goods within the planned economy system, distributing through state retail networks. The cooperative's metalwork – including items in copper, brass, and other base metals – exemplifies the middle ground Polish manufacturers occupied between industrial production and craft tradition. The use of recognisable artistic imagery on such products was common practice, with varying degrees of formal licensing depending on the source material and international copyright enforcement of the period.","Collectors of PRL-era Polish decorative arts and cooperative production
Those interested in the material culture of Cold War-era peace movements
Interiors where the coasters might function both practically and as conversation pieces
Display contexts exploring the dissemination of modernist imagery through everyday objects
Aficionados of Pablo Picasso's art",,"Free local pickup available (Kraków, Poland)
Shipping cost calculated individually based on your location
Contact us before purchase for a shipping quote",All vintage objects are carefully inspected and cleaned before sale. We ensure every piece meets our standards for authenticity and condition.,,,,,,,,,,,,,,,,,,,,draft
skotten-red-money-box-stig-lindberg-sweden-designed-1961,"Skotten red money box | Stig Lindberg, Sweden, designed 1961","<p>The Skotten money box, designed by Stig Lindberg in 1961 as a promotional object for Handelsbanken, Sweden's largest bank.</p><p>This example is finished in red plastic and takes the form of a Scottish Terrier – a design choice rooted personal biography. Lindberg owned a Scottish Terrier named Simon, and this personal affection for the breed informed the design's characterful proportions and simplified, stylised form.</p>",,,,,false,Title,Default Title,,,,,,,,AKC-222,0,shopify,0,deny,manual,150,,true,true,,,,,,,,,false,,,,,,,,,,,,,,,"Unused, no wear, scratches, discolouration, or damage. Original key included.","Stig Lindberg (1916–1982) was a Swedish designer whose four-decade career at Gustavsberg established him as one of Scandinavia's most consequential figures in twentieth-century ceramics and applied arts. Beyond industrial ceramics, Lindberg worked across disciplines: promotional objects such as the Skotten and book illustrations. Lindberg's significance lies in synthesis: he brought studio sensibilities to industrial production without condescension, creating objects that were simultaneously affordable, functional, and genuinely designed.",16.5 × 12 × 7 cm,"Designed by Stig Lindberg, 1961
Produced for Handelsbanken, Sweden
Production date of this example unknown
Skotten model in red
Injection-moulded plastic construction
Scottish Terrier form
Locking mechanism with original key","Handelsbanken, Sweden's largest bank, distributed Skotten boxes to customers – particularly children – as incentives for opening savings accounts, a common practice among European banks during the postwar decades when encouraging household savings was considered both commercially advantageous and socially responsible.","Collectors of Scandinavian design and Stig Lindberg's broader oeuvre
Shelving in a child's room or study – functional yet design-conscious
Display alongside postwar promotional objects and corporate ephemera
Interiors that balance playfulness with mid-century Swedish restraint",,"Free local pickup available (Kraków, Poland)
Shipping cost calculated individually based on your location
Contact us before purchase for a shipping quote",All vintage objects are carefully inspected and cleaned before sale. We ensure every piece meets our standards for authenticity and condition.,,,,,,,,,,,,,,,,,,,,draft
skotten-blue-money-box-stig-lindberg-sweden-designed-1961,"Skotten blue money box | Stig Lindberg, Sweden, designed 1961","<p>A promotional money box designed by Stig Lindberg for Handelsbanken in 1961, in blue injection-moulded plastic.

The form derives from Lindberg's own dog, Simon, whose likeness he translated into this compact, stylised silhouette. The result is an object that functions as both savings tool and minor sculpture: simplified planes, alert posture, minimal detail.

Handelsbanken produced the Skotten in multiple colours throughout the 1960s and beyond, distributing them to young customers as encouragement to save.</p>",,,,,false,Title,Default Title,,,,,,,,AKC-223,0,shopify,0,deny,manual,,,true,true,,,,,,,,,false,,,,,,,,,,,,,,,"Unused condition. No scratches, discolouration, or structural damage. Key included.","Stig Lindberg (1916–1982) was a Swedish designer whose four-decade career at Gustavsberg established him as one of Scandinavia's most consequential figures in twentieth-century ceramics and applied arts. Beyond industrial ceramics, Lindberg worked across disciplines: promotional objects such as the Skotten and book illustrations. Lindberg's significance lies in synthesis: he brought studio sensibilities to industrial production without condescension, creating objects that were simultaneously affordable, functional, and genuinely designed.",16.5 × 12 × 7 cm,"Designed by Stig Lindberg, 1961
Produced for Handelsbanken, Sweden
Production date unknown
Blue injection-moulded plastic
Original key included","Handelsbanken, Sweden's largest bank, distributed Skotten boxes to customers – particularly children – as incentives for opening savings accounts, a common practice among European banks during the postwar decades when encouraging household savings was considered both commercially advantageous and socially responsible.","Stig Lindberg enthusiasts expanding beyond his ceramic work
Collections focused on Scandinavian graphic and industrial design
A desk, bookshelf, or entryway console – where form meets quiet function
Those drawn to objects that blur the line between promotional ephemera and considered design",,"Free local pickup available (Kraków, Poland)
Shipping cost calculated individually based on your location
Contact us before purchase for a shipping quote",All vintage objects are carefully inspected and cleaned before sale. We ensure every piece meets our standards for authenticity and condition.,,,,,,,,,,,,,,,,,,,,draft
pan-leuchten-grey-ceramic-sconce-ufo-lamp-1970s,"Pan Leuchten grey ceramic sconce | UFO lamp, 1970s","<p>A six-light ceramic pendant lamp produced by Pan Leuchten in West Germany during the 1970s. The fixture takes the characteristic UFO form that defined the era's approach to domestic lighting – a flattened disc shape with angular geometry that owes as much to space-age optimism as to the broader fat lava movement in West German ceramics.</p><p>Six E14 sockets are positioned around the form, directing light outward and downward. This multi-point arrangement produces even, ambient illumination rather than a single concentrated beam – a practical consideration for dining or living spaces where diffused light is preferable.</p>",,,,,false,Title,Default Title,,,,,,,,LMP-216,0,shopify,0,deny,manual,2000,,true,true,,,,,,,,,false,,,,,,,,,,,,,,,"Excellent vintage condition. The ceramic body shows no chips, cracks, or glaze loss. Electrical components have been inspected and certified safe for use.",,39 × 15 cm,"Pan Leuchten, West Germany, 1970s
Ceramic construction with white glaze and grey fat lava accents
Six E14 sockets (bulbs not included)
Fully serviced and electrically inspected
Ready for installation","About Pan Leuchten: Pan Leuchten was a West German lighting manufacturer active during the 1960s and 1970s, known for creating bold ceramic lamps with distinctive glazes and sculptural forms. Their pieces combined traditional ceramic craftsmanship with space-age aesthetics, creating unique lighting objects that are highly collectible today.","Collectors of West German fat lava ceramics seeking functional examples of the genre
Dining spaces where the fixture can serve as both light source and visual anchor
Interiors informed by 1970s European design – brutalist, space age, or post-war modern
Those who appreciate objects where material experimentation and domestic utility converge",,"Free local pickup available (Kraków, Poland)
Shipping cost calculated individually based on your location
Contact us before purchase for a shipping quote","All vintage lighting is carefully inspected, electrically tested, and serviced before sale. We ensure every piece is safe and ready to enjoy in your home.",,,,,,,,,,,,,,,,,,,,draft
elite-trays-psychedelic-tray-united-kingdom-1970s80s,"Elite Trays psychedelic tray | United Kingdom, 1970s–80s","<p>A serving tray produced by Elite Trays, featuring a bold psychedelic pattern in orange and purple. The swirling, organic motif is characteristic of the late 1970s and early 1980s, when Op Art influences and saturated colour palettes dominated mass-market homewares across Europe.</p><p>The psychedelic pattern on this example reflects the era's appetite for visual intensity in everyday objects, transforming a utilitarian item into a statement piece.</p>",,,,,false,Title,Default Title,,,,,,,,SER-219,0,shopify,0,deny,manual,125,,true,true,,,,,,,,,false,,,,,,,,,,,,,,,"Unused, NoS. Minor surface scratches and signs of aging consistent with storage over several decades. No chips, cracks, or structural damage.",,30 × 3 cm,"Elite Trays, United Kingdom
Circa 1970s–80s
Unused
Orange and purple psychedelic pattern
Original manufacturer's label present",,"Collectors of 1970s British homewares and pop-influenced design
Serving drinks or small items where the pattern becomes part of the presentation
Display as a representative example of mass-market psychedelic aesthetics
Interiors that embrace bold colour and period-specific graphic design",,"Free local pickup available (Kraków, Poland)
Shipping cost calculated individually based on your location
Contact us before purchase for a shipping quote",All vintage objects are carefully inspected and cleaned before sale. We ensure every piece meets our standards for authenticity and condition.,,,,,,,,,,,,,,,,,,,,draft
odeon-vinyl-record-rack-sweden-1960s70s,"Odeon vinyl record rack | Sweden, 1960s–70s","<p>A vinyl record storage rack produced by Odeon in Sweden during the 1960s or 1970s. Designed to hold approximately 50 records, the piece combines a wooden base with wire dividers – the wires finished in textile coating, a common treatment of the period that offered both grip and a softer aesthetic than bare metal.

Swedish manufacturers of this era approached even utilitarian storage with considered design. The Odeon rack reflects this sensibility: modest dimensions, honest materials, and a form determined entirely by function.</p><p>Vinyl storage became a distinct furniture category during the post-war hi-fi boom. Proper record keeping requires vertical orientation to prevent warping and adequate spacing to avoid sleeve damage. Metal wire, wooden or plastic constructions gained popularity for their light weight, minimal visual presence, and airflow. Floor-standing racks offered a browsing experience similar to record shop bins. The vinyl revival since 2010 has renewed demand for dedicated storage that respects both the medium and interior space.</p>",,,,,false,Title,Default Title,,,,,,,,AKC-221,0,shopify,0,deny,manual,160,,true,true,,,,,,,,,false,,,,,,,,,,,,,,,"The rack shows wear consistent with age and use. One wire divider has notable damage to its textile coating. Three wooden bottom dividers have been removed. The wooden base remains solid, and the overall structure is stable and fully functional.",,26 × 20.5 × 13.5 cm,"Odeon, Sweden
Circa 1960s–70s
Wood base with textile-coated wire dividers
Capacity: approximately 50 records",,"Active record collectors seeking accessible, browse-friendly storage
Positioning beside a turntable or stereo system
Smaller collections or frequently played selections kept separate from main storage
Those who appreciate Scandinavian functionalism in its most unassuming form",,"Free local pickup available (Kraków, Poland)
Shipping cost calculated individually based on your location
Contact us before purchase for a shipping quote",All vintage objects are carefully inspected and cleaned before sale. We ensure every piece meets our standards for authenticity and condition.,,,,,,,,,,,,,,,,,,,,draft
steninge-slott-decorative-glass-platter-sofia-wiberg-sweden,"Steninge Slott decorative glass platter | Sofia Wiberg, Sweden","<p>A decorative glass platter from Steninge Slott, designed by Sofia Wiberg. The piece features a yellow dog with blue eyes and nose, rendered against a red glass ground.</p><p>Sofia Wiberg's designs for Steninge favour whimsical, illustrative imagery – animals, figures, and domestic scenes rendered in vivid, unmodulated colour.</p>",,,,,false,Title,Default Title,,,,,,,,SER-251,0,shopify,0,deny,manual,,,true,true,,,,,,,,,false,,,,,,,,,,,,,,,"The platter shows minor surface scratches in places – consistent with light handling over time. No chips, cracks, or significant wear to the painted decoration.",,36 × 4 cm,"Steninge Slott, Sweden
Designed by Sofia Wiberg
Glass with painted decoration
Original display stand included",,"Collectors of contemporary Swedish decorative glass
Wall display or table presentation
Interiors that welcome color and illustrative imagery
Those drawn to narrative design objects",,"Free local pickup available (Kraków, Poland)
Shipping cost calculated individually based on your location
Contact us before purchase for a shipping quote",All vintage objects are carefully inspected and cleaned before sale. We ensure every piece meets our standards for authenticity and condition.,,,,,,,,,,,,,,,,,,,,draft
